productName,productCategory,productDescription,productStock,productPrice,productImage
Gold Brass Tube Type Sand Timer Key Chain,Table Decor,Our range of showpieces are designed to spruce up the look of your room.,100,150,tabledecor2.jpg
Multicolour Cotton Canvas Floral Art Panels,Wall Art,Add an interesting element to your walls by decorating them with these striking Wall Art With vibrant colours and designs,250,120,wallart2.jpg
Studious Smiley Cushion in Yellow Colour,Kids Décor,These funny and crazy emoji pillows are made to give as direct message and to make you laugh without any words.,220,120,kidsdecor2.jpg
Green Iron Desk Pot Planter,Home Garden,An Apple Shape Planters is perfect as table top planters and can be used as gifting to your loved ones,10,150,homegarden2.jpg
Engineered Wood Wallshelf in Walnut Finish,Wall Shelves and Cabinets,"This exquisite butterfly shape Corner Wall Shelf brings a unique decor for your bare walls with a great utility. It is matte finished with Walnut color, made of imported Engineered wood",100,250,wallshelf2.jpg
Ceramic Round Body Vase,Table Decor,This eye-catching vase is a perfect blend of elegance and style. ,120,250,tabledecor3.jpg
Cluster Wall Mount Kitchen Cabinet,Wall Shelves and Cabinets,For Crystal Furnitech convenience is the most important aspect in home furniture,8,250,wallshelf3.jpg
Witty Owl Blue Papier Mache Wall Mask,Wall Art, Wise man of the manger. My wintery look can beat the heat and bring a cooling effect to any room in the tropics.,120,500,wallart3.jpg
Yellow Microfibre Filled Decorative Cushion,Kids Decor,his kind of pillows is usually made from polyester and nylon,150,1200,kidsdecor3.jpg
Mustard Terracotta Caddy With Chain Hanging Planter,Home Garden,Thinking for renovation of room's decoration then go for this stylish yet beautiful planter pot.,110,110,homegarden3.jpg
